{"cameraMode":{"drawMode":0,"name":"Shaded","section":"Shading Mode"},"sceneLighting":true,"audioPlay":false,"sceneViewState":{"m_AlwaysRefresh":false,"showFog":true,"showSkybox":true,"showFlares":true,"showImageEffects":true,"showParticleSystems":true,"showVisualEffectGraphs":true,"m_FxEnabled":true},"in2DMode":false,"pivot":{"x":-0.20036932826042176,"y":0.7219115495681763,"z":10.03659439086914},"rotation":{"x":0.24156786501407624,"y":-0.06253830343484879,"z":0.01560277584940195,"w":0.9682408571243286},"size":6.590203285217285,"orthographic":true}